--
-- The Archetype is configured with "hibernate.hbm2ddl.auto" value="create-drop" in "persistence.xml".
--
-- This will cause hibernate to populate the database when the application is started by processing the files that
-- were configured in the hibernate.hbm2ddl.import_files property.
--
-- This file is responsible for loading the the catalog data used in the Archetype.   Implementers can change this file
-- to load their initial catalog.
--


-- Custom store navigation (default template uses these for the header navigation)
INSERT INTO BLC_CATEGORY (CATEGORY_ID,DESCRIPTION,NAME,URL,DEFAULT_PARENT_CATEGORY_ID,ACTIVE_START_DATE, DISPLAY_TEMPLATE) VALUES (2001,'Home','Home','/',2,CURRENT_TIMESTAMP, 'layout/home');
INSERT INTO BLC_CATEGORY (CATEGORY_ID,DESCRIPTION,NAME,URL,DEFAULT_PARENT_CATEGORY_ID,ACTIVE_START_DATE) VALUES (2002,'Apparel','Apparel','/apparel',2,CURRENT_TIMESTAMP);
INSERT INTO BLC_CATEGORY (CATEGORY_ID,DESCRIPTION,NAME,URL,DEFAULT_PARENT_CATEGORY_ID,ACTIVE_START_DATE) VALUES (2003,'Merchandise','Merchandise','/merchandise',2,CURRENT_TIMESTAMP);
INSERT INTO BLC_CATEGORY (CATEGORY_ID,DESCRIPTION,NAME,URL,DEFAULT_PARENT_CATEGORY_ID,ACTIVE_START_DATE) VALUES (2004,'Clearance','Clearance','/clearance',2,CURRENT_TIMESTAMP);
INSERT INTO BLC_CATEGORY (CATEGORY_ID,DESCRIPTION,NAME,URL,DEFAULT_PARENT_CATEGORY_ID,ACTIVE_START_DATE) VALUES (2005,'New to Pro Shop?','New to Pro Shop?','/new-to-pro-shop',2,CURRENT_TIMESTAMP);
INSERT INTO BLC_CATEGORY (CATEGORY_ID,DESCRIPTION,NAME,URL,DEFAULT_PARENT_CATEGORY_ID,ACTIVE_START_DATE) VALUES (2006,'FAQs','FAQs','/faq',2,CURRENT_TIMESTAMP);

-- Builds the category hierarchy (simple in this case) - Root --> Nav --> All other categories
INSERT INTO BLC_CATEGORY_XREF (CATEGORY_XREF_ID, SUB_CATEGORY_ID, CATEGORY_ID, DISPLAY_ORDER) VALUES (1,2,1,1)
INSERT INTO BLC_CATEGORY_XREF (CATEGORY_XREF_ID, SUB_CATEGORY_ID, CATEGORY_ID, DISPLAY_ORDER) VALUES (2,2001,2,1);
INSERT INTO BLC_CATEGORY_XREF (CATEGORY_XREF_ID, SUB_CATEGORY_ID, CATEGORY_ID, DISPLAY_ORDER) VALUES (3,2002,2,2);
INSERT INTO BLC_CATEGORY_XREF (CATEGORY_XREF_ID, SUB_CATEGORY_ID, CATEGORY_ID, DISPLAY_ORDER) VALUES (4,2003,2,3);
INSERT INTO BLC_CATEGORY_XREF (CATEGORY_XREF_ID, SUB_CATEGORY_ID, CATEGORY_ID, DISPLAY_ORDER) VALUES (5,2004,2,4);
INSERT INTO BLC_CATEGORY_XREF (CATEGORY_XREF_ID, SUB_CATEGORY_ID, CATEGORY_ID, DISPLAY_ORDER) VALUES (6,2005,2,5);
INSERT INTO BLC_CATEGORY_XREF (CATEGORY_XREF_ID, SUB_CATEGORY_ID, CATEGORY_ID, DISPLAY_ORDER) VALUES (7,2006,2,6);

-- Add in any applicable search facets for the given category
INSERT INTO BLC_FIELD (FIELD_ID, ENTITY_TYPE, PROPERTY_NAME, ABBREVIATION, SEARCHABLE, FACET_FIELD_TYPE) VALUES (1, 'PRODUCT', 'manufacturer', 'mfg', TRUE, 's');
INSERT INTO BLC_FIELD (FIELD_ID, ENTITY_TYPE, PROPERTY_NAME, ABBREVIATION, SEARCHABLE, FACET_FIELD_TYPE) VALUES (3, 'PRODUCT', 'defaultSku.retailPrice', 'price', FALSE, 'p');
INSERT INTO BLC_FIELD (FIELD_ID, ENTITY_TYPE, PROPERTY_NAME, ABBREVIATION, SEARCHABLE, TRANSLATABLE, FACET_FIELD_TYPE) VALUES (4, 'PRODUCT', 'defaultSku.name', 'name', TRUE, TRUE, 's');
INSERT INTO BLC_FIELD (FIELD_ID, ENTITY_TYPE, PROPERTY_NAME, ABBREVIATION, SEARCHABLE, FACET_FIELD_TYPE) VALUES (5, 'PRODUCT', 'model', 'model', TRUE, 's');
INSERT INTO BLC_FIELD (FIELD_ID, ENTITY_TYPE, PROPERTY_NAME, ABBREVIATION, SEARCHABLE, TRANSLATABLE) VALUES (6, 'PRODUCT', 'defaultSku.description', 'desc', TRUE, TRUE);
INSERT INTO BLC_FIELD (FIELD_ID, ENTITY_TYPE, PROPERTY_NAME, ABBREVIATION, SEARCHABLE, TRANSLATABLE) VALUES (7, 'PRODUCT', 'defaultSku.longDescription', 'ldesc', TRUE, TRUE);
INSERT INTO BLC_FIELD (FIELD_ID, ENTITY_TYPE, PROPERTY_NAME, ABBREVIATION, SEARCHABLE, FACET_FIELD_TYPE) VALUES (8, 'PRODUCT', 'productAttributes.color', 'color', TRUE, 's');

INSERT INTO BLC_FIELD_SEARCH_TYPES (FIELD_ID, SEARCHABLE_FIELD_TYPE) VALUES (1, 't');
-- Note that we are don't search on heat range
-- Note that we are don't search on price
INSERT INTO BLC_FIELD_SEARCH_TYPES (FIELD_ID, SEARCHABLE_FIELD_TYPE) VALUES (4, 't');
INSERT INTO BLC_FIELD_SEARCH_TYPES (FIELD_ID, SEARCHABLE_FIELD_TYPE) VALUES (5, 't');
INSERT INTO BLC_FIELD_SEARCH_TYPES (FIELD_ID, SEARCHABLE_FIELD_TYPE) VALUES (6, 't');
INSERT INTO BLC_FIELD_SEARCH_TYPES (FIELD_ID, SEARCHABLE_FIELD_TYPE) VALUES (7, 't');

INSERT INTO BLC_SEARCH_FACET (SEARCH_FACET_ID, FIELD_ID, LABEL, SHOW_ON_SEARCH, MULTISELECT, SEARCH_DISPLAY_PRIORITY) VALUES (1, 1, 'Manufacturer', FALSE, TRUE, 0);
INSERT INTO BLC_CAT_SEARCH_FACET_XREF (CATEGORY_SEARCH_FACET_ID, CATEGORY_ID, SEARCH_FACET_ID, SEQUENCE) VALUES (1, 2002, 1, 1);

INSERT INTO BLC_SEARCH_FACET (SEARCH_FACET_ID, FIELD_ID, LABEL, SHOW_ON_SEARCH, MULTISELECT, SEARCH_DISPLAY_PRIORITY) VALUES (4, 8, 'Color', TRUE, TRUE, 0);
INSERT INTO BLC_CAT_SEARCH_FACET_XREF (CATEGORY_SEARCH_FACET_ID, CATEGORY_ID, SEARCH_FACET_ID, SEQUENCE) VALUES (4,2003, 4, 1);

INSERT INTO BLC_SEARCH_FACET (SEARCH_FACET_ID, FIELD_ID, LABEL, SHOW_ON_SEARCH, MULTISELECT, SEARCH_DISPLAY_PRIORITY) VALUES (3, 3, 'Price', TRUE, TRUE, 1);
INSERT INTO BLC_CAT_SEARCH_FACET_XREF (CATEGORY_SEARCH_FACET_ID, CATEGORY_ID, SEARCH_FACET_ID, SEQUENCE) VALUES (3, 1, 3, 3);
INSERT INTO BLC_SEARCH_FACET_RANGE (SEARCH_FACET_RANGE_ID, SEARCH_FACET_ID, MIN_VALUE, MAX_VALUE) VALUES (1, 3, 0, 5);
INSERT INTO BLC_SEARCH_FACET_RANGE (SEARCH_FACET_RANGE_ID, SEARCH_FACET_ID, MIN_VALUE, MAX_VALUE) VALUES (2, 3, 5, 10);
INSERT INTO BLC_SEARCH_FACET_RANGE (SEARCH_FACET_RANGE_ID, SEARCH_FACET_ID, MIN_VALUE, MAX_VALUE) VALUES (3, 3, 10, 15);
INSERT INTO BLC_SEARCH_FACET_RANGE (SEARCH_FACET_RANGE_ID, SEARCH_FACET_ID, MIN_VALUE, MAX_VALUE) VALUES (4, 3, 15, null);



------------------------------------------------------------------------------------------------------------------
-- End of Catalog load
-- ========================================================
------------------------------------------------------------------------------------------------------------------

INSERT INTO BLC_URL_HANDLER(URL_HANDLER_ID, INCOMING_URL, NEW_URL, URL_REDIRECT_TYPE) VALUES (1, '/googlePerm', 'http://www.google.com', 'REDIRECT_PERM');
INSERT INTO BLC_URL_HANDLER(URL_HANDLER_ID, INCOMING_URL, NEW_URL, URL_REDIRECT_TYPE) VALUES (2, '/googleTemp', 'http://www.google.com', 'REDIRECT_TEMP');


-- Sample fulfillment option
INSERT INTO BLC_FULFILLMENT_OPTION (FULFILLMENT_OPTION_ID, NAME, LONG_DESCRIPTION, USE_FLAT_RATES, FULFILLMENT_TYPE) VALUES (1, 'Standard', '5 - 7 Days', FALSE, 'PHYSICAL_SHIP');
INSERT INTO BLC_FULFILLMENT_OPTION (FULFILLMENT_OPTION_ID, NAME, LONG_DESCRIPTION, USE_FLAT_RATES, FULFILLMENT_TYPE) VALUES (2, 'Priority', '3 - 5 Days', FALSE, 'PHYSICAL_SHIP');
INSERT INTO BLC_FULFILLMENT_OPTION (FULFILLMENT_OPTION_ID, NAME, LONG_DESCRIPTION, USE_FLAT_RATES, FULFILLMENT_TYPE) VALUES (3, 'Express', '1 - 2 Days', FALSE, 'PHYSICAL_SHIP');

INSERT INTO BLC_FULFILLMENT_OPTION_FIXED (FULFILLMENT_OPTION_ID, PRICE) VALUES (1, 5.00);
INSERT INTO BLC_FULFILLMENT_OPTION_FIXED (FULFILLMENT_OPTION_ID, PRICE) VALUES (2, 10.00);
INSERT INTO BLC_FULFILLMENT_OPTION_FIXED (FULFILLMENT_OPTION_ID, PRICE) VALUES (3, 20.00);
